criterio,peso,nota,comentario
Claridad del planteamiento del problema,0.15,6.5,"Objetivo general claro, bien formulado y con enfoque aplicado; se entiende la motivación y alcance."
Justificación y contexto del experimento,0.10,5.8,"Buena justificación; faltan referencias bibliográficas recientes en reconocimiento de instrumentos."
Metodología y organización del notebook,0.20,6.2,"Estructura lógica; código y explicación bien secuenciados aunque sin pruebas reales de grabación."
Calidad del código y buenas prácticas,0.15,6.0,"Código bien escrito; modularidad básica y comentarios claros, podría incorporar funciones auxiliares."
Análisis de resultados y visualizaciones,0.15,5.5,"Visualizaciones básicas y claras; no se muestran métricas de validación del modelo."
Conclusiones y coherencia con objetivos,0.15,5.8,"Conclusiones coherentes; faltó discutir limitaciones del sistema en escenarios reales."
"Redacción, ortografía y estilo general",0.10,6.8,"Buena redacción y ortografía; tono formal y técnico adecuado."
,,
Nota final (ponderada),,6.1,"Buen trabajo general, clara comprensión del problema y una base sólida para continuar. Se puede seguir mejorando la validación empírica. ¡Van bien encaminados, ánimo y felicitaciones por el esfuerzo!"
